disease,first_line_treatment,medications,home_remedies,lifestyle_changes,specialist,emergency_signs,prognosis,duration
Common Cold,Symptomatic relief and rest,"Paracetamol (500mg every 4-6h for fever/pain), Cetirizine (10mg once daily for runny nose), Dextromethorphan (cough syrup)","Honey and ginger tea, Steam inhalation, Salt water gargle, Warm soups, Rest","Stay hydrated (8+ glasses water), Avoid cold air, Wash hands frequently",General Physician,"Fever above 39°C, Difficulty breathing, Symptoms lasting more than 10 days",Excellent — self-limiting,7-10 days
Influenza (Flu),Antiviral therapy within 48h of onset + rest,"Oseltamivir/Tamiflu (75mg twice daily for 5 days), Paracetamol (500-1000mg every 6h), Ibuprofen (400mg every 6-8h for adults)","Honey lemon tea, Chicken soup, Ginger tea, Steam inhalation, Rest","Avoid contact with others, Stay home, Wash hands, Annual flu vaccine",General Physician / Infectious Disease,"Difficulty breathing, Persistent chest pain, Confusion, Severe vomiting, Blue lips",Good with treatment,1-2 weeks
COVID-19,Isolation and symptomatic management,"Paracetamol (500-1000mg every 6h), Ibuprofen if needed, Dexamethasone for severe cases, Antivirals (Paxlovid if eligible)","Rest, Stay hydrated, Honey and ginger, Steam inhalation, Vitamin C","Isolation for 5+ days, Monitor oxygen levels, Stay vaccinated, Wear mask",Infectious Disease / Pulmonologist,"SpO2 below 94%, Severe shortness of breath, Persistent chest pain, Confusion",Good in most cases — severe in elderly/immunocompromised,10-14 days mild; weeks for severe
Pneumonia,Antibiotics + rest + hydration,"Amoxicillin-Clavulanate (875mg twice daily), Azithromycin (500mg once daily for 5 days), Paracetamol for fever, Cough suppressants","Steam inhalation, Warm fluids, Rest, Honey tea, Postural drainage","Avoid smoking, Pneumonia vaccine, Adequate rest, Avoid cold environments",Pulmonologist,"SpO2 below 90%, Severe breathing difficulty, High fever above 40°C, Coughing blood",Good with early antibiotics; severe can be life-threatening,2-4 weeks
Asthma,Bronchodilators + inhaled corticosteroids + avoidance of triggers,"Salbutamol/Albuterol inhaler (2 puffs as needed), Budesonide inhaler (daily controller), Montelukast (10mg once daily), Prednisolone (for acute attacks)","Steam inhalation, Breathing exercises, Avoid dust, Warm fluids","Identify and avoid triggers, Exercise regularly, Keep reliever inhaler handy, No smoking",Pulmonologist / Allergist,"Inability to speak in full sentences, No response to reliever inhaler, Blue lips, Severe breathlessness",Good with proper management — lifelong condition,Lifelong — managed with medication
Hypertension,Lifestyle modification + antihypertensive medication,"Amlodipine (5-10mg once daily), Losartan (50-100mg once daily), Hydrochlorothiazide (12.5-25mg once daily), Atenolol (50-100mg once daily)","Garlic, Hibiscus tea, Reduce salt, Lemon water, Beetroot juice","DASH diet, Regular exercise 30 min/day, Reduce salt intake, Quit smoking, Limit alcohol, Reduce stress, Monitor BP daily",Cardiologist,"Systolic BP above 180, Severe headache, Chest pain, Vision changes, Difficulty speaking",Controllable — requires lifelong management,Lifelong management
Heart Attack,Emergency revascularization — CALL 911 IMMEDIATELY,"Aspirin 325mg (chew immediately), Nitroglycerin sublingual, Thrombolytics (hospital), Beta-blockers, ACE inhibitors, Statins (long-term)","NONE — this is a medical emergency — call ambulance immediately","Cardiac rehabilitation post-recovery, Heart-healthy diet, No smoking, Exercise as advised",Cardiologist / Emergency Medicine,"ANY chest pain radiating to arm or jaw — this IS the emergency — call 911",Variable — depends on time to treatment,Hospitalization required; recovery 4-12 weeks
Type 2 Diabetes,Metformin + diet and exercise,"Metformin (500-2000mg daily in divided doses), Glibenclamide (5-20mg daily), Sitagliptin (100mg once daily), Insulin (if oral agents fail)","Bitter gourd juice, Fenugreek seeds, Cinnamon, Apple cider vinegar (diluted), Amla","Low-glycemic diet, Regular exercise 30 min/day, Weight loss, Glucose monitoring, Quit smoking, Annual eye exam",Endocrinologist / Diabetologist,"Blood sugar above 400 mg/dL, Ketoacidosis symptoms (fruity breath, vomiting), Hypoglycemia (shakiness, confusion)",Manageable — progressive if uncontrolled,Lifelong — controlled with lifestyle and medication
Hypothyroidism,Thyroid hormone replacement therapy,"Levothyroxine (25-200mcg once daily on empty stomach), dose adjusted per TSH levels","Iodine-rich foods (seaweed, iodized salt), Selenium foods (Brazil nuts), Limit raw goitrogenic vegetables","Take medication consistently, Regular TSH monitoring, Adequate iodine intake, Exercise to manage weight",Endocrinologist,"Myxedema coma (rare — severe cold intolerance, confusion, low BP)",Excellent with consistent medication,Lifelong medication required
Hyperthyroidism,Antithyroid drugs + beta-blockers for symptoms,"Methimazole (10-40mg daily), Propylthiouracil (100-300mg daily), Propranolol (20-80mg for palpitations), Radioactive iodine (definitive)","Lemon balm tea, Bugleweed, Avoid iodine-rich foods, Cooling techniques for heat intolerance","Avoid caffeine and stimulants, Adequate calcium intake, Regular monitoring, Stress reduction",Endocrinologist,"Thyroid storm (very high fever, rapid heart rate, confusion) — emergency",Good with treatment,3-18 months depending on treatment
Gastritis,Acid suppression + H.pylori treatment if present,"Omeprazole (20-40mg once daily before meals), Pantoprazole (40mg once daily), Antacids (Gaviscon/Maalox as needed), Amoxicillin + Clarithromycin (if H.pylori positive)","Aloe vera juice, Licorice root tea, Ginger tea, Avoid spicy foods, Small frequent meals","Avoid NSAIDs, Limit alcohol, Quit smoking, Reduce stress, Eat slowly, Avoid trigger foods",Gastroenterologist,"Vomiting blood, Black tarry stools, Severe abdominal pain, Unexplained weight loss",Good with treatment,2-8 weeks with medication
GERD,Proton pump inhibitors + lifestyle changes,"Omeprazole (20mg once daily), Esomeprazole (40mg once daily), Ranitidine (150mg twice daily), Metoclopramide (10mg before meals for motility)","Ginger tea, Aloe vera juice, Baking soda in water, Apple cider vinegar (diluted), Chamomile tea","Elevate head of bed 30cm, Avoid lying down 2-3h after eating, Lose weight, Avoid trigger foods (coffee, chocolate, spicy, fatty), Small meals, Quit smoking",Gastroenterologist,"Difficulty swallowing, Vomiting blood, Unexplained weight loss, Chest pain",Good with lifestyle changes and medication,Chronic — requires ongoing management
Migraine,Triptans for acute attacks + preventive therapy,"Sumatriptan (50-100mg at onset), Ibuprofen (400-600mg), Paracetamol (1000mg), Topiramate (preventive 25-100mg), Amitriptyline (preventive 10-75mg nightly)","Dark quiet room, Cold compress, Peppermint oil on temples, Ginger tea, Caffeine (small amount at onset)","Identify triggers (food, stress, sleep), Regular sleep schedule, Stay hydrated, Stress management, Exercise, Magnesium supplement",Neurologist,"First or worst headache of life, Thunderclap headache, Headache with fever and stiff neck, Neurological symptoms",Good — recurrent condition with proper management,4-72 hours per episode
Depression,Psychotherapy + antidepressants,"SSRIs: Fluoxetine (20-60mg), Sertraline (50-200mg), Escitalopram (10-20mg); SNRIs: Venlafaxine (75-225mg); TCAs: Amitriptyline (75-200mg) — all require prescription","Exercise (proven antidepressant effect), Omega-3 rich foods, St. John's Wort (mild depression), Social connection, Sunlight exposure","Regular exercise, Social support, Sleep hygiene, Mindfulness meditation, Limit alcohol, Healthy diet, Journaling",Psychiatrist / Psychologist,"Thoughts of self-harm or suicide — call emergency services immediately",Good with treatment — 60-80% respond to first medication,Weeks to months; may be recurrent
Anxiety Disorder,CBT (Cognitive Behavioral Therapy) + medication if needed,"SSRIs: Sertraline (50-200mg), Escitalopram (10-20mg); Buspirone (15-30mg); Benzodiazepines short-term only: Alprazolam (0.25-0.5mg); Beta-blockers for physical symptoms","Chamomile tea, Lavender aromatherapy, Deep breathing exercises, Meditation, Exercise, Limit caffeine","Regular exercise, Sleep hygiene, Mindfulness, Limit caffeine and alcohol, Journaling, Social support, CBT techniques",Psychiatrist / Psychologist,"Panic attack with chest pain (rule out cardiac), Suicidal thoughts",Good with therapy and medication,Ongoing — CBT highly effective
Urinary Tract Infection,Antibiotics + increased fluid intake,"Nitrofurantoin (100mg twice daily for 5 days — uncomplicated), Trimethoprim-Sulfamethoxazole (DS twice daily for 3 days), Ciprofloxacin (250-500mg twice daily for 3-7 days), Phenazopyridine for pain relief","Cranberry juice (unsweetened), Increased water intake (3+ litres/day), Probiotics, Avoid bladder irritants","Wipe front to back, Urinate after intercourse, Stay hydrated, Avoid holding urine, Cotton underwear, Avoid irritating soaps",Urologist (recurrent),"Fever with chills (kidney infection), Flank pain, Blood in urine, Pregnancy",Excellent for uncomplicated UTI,3-7 days with antibiotics
Kidney Stones,Pain management + hydration + possible lithotripsy,"Diclofenac (75mg IM for acute pain), Tamsulosin (0.4mg to help pass stone), Ketorolac (IV in hospital); Lithotripsy for large stones","Lots of water (3+ litres/day), Lemon juice (citrate), Avoid high-oxalate foods (spinach, nuts), Reduce salt","High fluid intake, Limit sodium, Limit animal protein, Limit oxalate-rich foods, Lemon water daily, Maintain healthy weight",Urologist,"Fever with stone (infected obstructed kidney — emergency), Intractable pain, Complete blockage",Good — most small stones pass spontaneously,Hours to weeks depending on stone size
Dengue Fever,Supportive care — no specific antiviral exists,"Paracetamol (NOT ibuprofen or aspirin — risk of bleeding), IV fluids if needed, Platelet transfusion if severely low, Monitor platelet count daily","Papaya leaf juice (may help platelets), Coconut water, High fluid intake, Rest","Rest, Mosquito protection, Monitor for warning signs, Avoid mosquito breeding sites",Infectious Disease / Internal Medicine,"Severe abdominal pain, Vomiting blood, Rapid breathing, Platelet below 20000, Bleeding gums",Good in most cases; dengue hemorrhagic fever is serious,7-14 days
Malaria,Antimalarial drugs — must confirm with blood smear,"Artemether-Lumefantrine (first-line uncomplicated), Chloroquine (where sensitive), IV Artesunate (severe malaria), Primaquine (P. vivax relapse prevention)","Plenty of fluids, Paracetamol for fever, Cool compresses, Rest, Neem (traditional)","Mosquito nets, Insect repellent, Prophylaxis for travelers, Drain stagnant water, Wear long sleeves at night",Infectious Disease,"Altered consciousness, Severe anemia, Respiratory distress, Jaundice, Seizures",Good if treated early; severe falciparum can be fatal,Uncomplicated: 3-5 days treatment; severe: hospitalization
Anemia,Identify and treat underlying cause + iron/B12 supplementation,"Ferrous sulfate (325mg 3x daily for iron deficiency), Folic acid (5mg daily), Vitamin B12 (1000mcg IM monthly for B12 deficiency), Erythropoietin (if chronic kidney disease)","Iron-rich foods: spinach, lentils, red meat, liver; Vitamin C with iron foods; Avoid tea/coffee with meals","Iron-rich diet, Vitamin C with iron foods, Treat underlying bleeding source, Regular monitoring, Avoid tea/coffee near meals",Hematologist,"Chest pain, Severe shortness of breath, Confusion, Heart palpitations",Excellent with appropriate treatment of underlying cause,Months depending on cause
Rheumatoid Arthritis,DMARDs + NSAIDs + physical therapy,"Methotrexate (7.5-25mg weekly — first-line DMARD), Hydroxychloroquine (200-400mg daily), Sulfasalazine (2-3g daily), Naproxen (500mg twice daily for pain), Prednisolone (short-term flares)","Turmeric (curcumin), Fish oil (omega-3), Warm/cold compresses, Gentle exercise, Rest during flares","Low-impact exercise, Physical therapy, Protect joints, Quit smoking, Healthy weight, Anti-inflammatory diet",Rheumatologist,"Sudden severe joint swelling, Fever with joint pain, Difficulty performing daily activities",Manageable — not curable; early treatment prevents joint damage,Lifelong — remission possible with DMARDs
Gout,NSAIDs for acute attacks + urate-lowering therapy long-term,"Indomethacin (50mg 3x daily for acute), Colchicine (0.5mg 2-3x daily acute), Allopurinol (100-300mg daily for prevention), Febuxostat (40-80mg daily), Prednisolone (if NSAIDs contraindicated)","Cherry juice (reduces uric acid), Ice pack on joint, Rest, Hydration, Avoid purine-rich foods during attack","Low-purine diet (limit red meat, organ meats, shellfish, alcohol especially beer), Increase water intake, Lose weight, Avoid fructose",Rheumatologist,"Fever with joint pain (rule out septic arthritis), Multiple joint involvement",Excellent — well-controlled with medication and diet,Acute attack: 3-10 days; prevention requires lifelong management
Tuberculosis,DOTS (Directly Observed Therapy Short-course) — 6 months minimum,"Standard regimen: Isoniazid + Rifampicin + Pyrazinamide + Ethambutol for 2 months; then Isoniazid + Rifampicin for 4 months; Pyridoxine (Vitamin B6) to prevent peripheral neuropathy","Nutritious high-protein diet, Rest, Fresh air, Sunlight, Vitamin D supplementation","Isolation during infectious phase, Complete full course of treatment, Contact tracing, BCG vaccine for children, Adequate nutrition",Pulmonologist / Infectious Disease,"Coughing blood, Severe breathing difficulty, Drug resistance (MDR-TB)",Curable with complete treatment — MDR-TB more challenging,6-9 months (standard); 18-24 months (MDR-TB)
Psoriasis,Topical corticosteroids + phototherapy + systemic agents for severe disease,"Betamethasone cream (0.05% topical), Calcipotriol cream (topical), Methotrexate (7.5-25mg weekly for moderate-severe), Cyclosporine (3-5mg/kg daily), Biologics (Adalimumab, Etanercept) for severe","Coal tar preparations, Aloe vera gel, Oatmeal baths, Coconut oil, Dead Sea salt baths","Avoid triggers (stress, infections, certain medications), Moisturize regularly, Avoid skin trauma, Moderate sun exposure, Quit smoking, Healthy weight",Dermatologist,"Erythrodermic psoriasis (widespread redness, requires hospitalization), Psoriatic arthritis",Chronic — periods of remission and flares; manageable,Chronic condition — treatment controls symptoms
GERD,Proton pump inhibitors + lifestyle changes,"Omeprazole (20-40mg daily), Pantoprazole (40mg daily), Antacids for immediate relief, Domperidone (10mg before meals)","Ginger tea, Aloe vera juice, Chamomile tea, Slippery elm, Baking soda in water","Elevate head of bed, Avoid eating 2-3h before bed, Lose weight, Avoid trigger foods, Small frequent meals",Gastroenterologist,"Dysphagia, Weight loss, Anemia, Vomiting blood",Good with treatment,Chronic — ongoing management needed
Epilepsy,Antiseizure medications + avoidance of triggers,"Sodium valproate (500-2000mg daily), Carbamazepine (200-1200mg daily), Levetiracetam (500-3000mg daily), Lamotrigine (100-400mg daily), Phenytoin (300-400mg daily)","Ketogenic diet (may reduce seizures), Adequate sleep, Stress management, Avoid alcohol and flashing lights","Adequate sleep, Avoid alcohol, Avoid flashing lights if photosensitive, Medication compliance, Wear medical ID, Avoid driving if uncontrolled",Neurologist,"Status epilepticus (seizure lasting more than 5 minutes — call 911), New seizure type, Post-ictal confusion lasting hours",Good — 70% seizure-free with medication,Lifelong management in most cases
Conjunctivitis,Artificial tears + antibiotic drops if bacterial,"Sodium cromoglycate eye drops (allergic), Chloramphenicol eye drops (bacterial), Olopatadine drops (allergic), Antihistamine eye drops","Warm or cool compress, Saline eye wash, Remove contact lenses, Avoid touching eyes, Honey diluted eye wash (traditional)","Good hand hygiene, Don't share towels or eye makeup, Remove contact lenses, Avoid rubbing eyes, Dispose of contact lens if infected",Ophthalmologist,"Vision loss, Severe eye pain, Photophobia, Corneal involvement",Excellent — self-limiting (viral) or curable with antibiotics (bacterial),Viral: 7-14 days; Bacterial: 5-7 days with drops
Urticaria (Hives),Antihistamines + identify and avoid triggers,"Cetirizine (10mg once daily), Loratadine (10mg once daily), Fexofenadine (180mg once daily), Diphenhydramine (25-50mg for acute), Prednisolone (short course for severe)",Cold compress on hives, Oatmeal bath, Aloe vera gel, Calamine lotion, Baking soda paste,"Identify and avoid triggers (food, medication, latex), Wear loose cotton clothing, Avoid hot showers, Food diary to identify triggers",Allergist / Dermatologist,"Swelling of throat or tongue (anaphylaxis — call 911), Difficulty breathing, Chest tightness",Good — acute resolves within weeks; chronic may persist months,Acute: hours to days; Chronic: weeks to months
Food Poisoning,Fluid replacement + rest + identify toxin,"Oral rehydration solution (ORS), Ondansetron (4mg for nausea), Loperamide (2mg for diarrhea — not if bloody stool or fever), Antibiotics only for bacterial causes (Ciprofloxacin for Salmonella)","ORS, Coconut water, Ginger tea for nausea, BRAT diet (Banana Rice Applesauce Toast), Rest","Avoid solid food initially, Reintroduce bland foods gradually, Identify contaminated food, Proper food storage and handling",Emergency / Gastroenterologist,"Bloody diarrhea, High fever, Signs of severe dehydration, Neurological symptoms, Difficulty swallowing",Excellent — most resolve without treatment,12-72 hours
Dehydration,Oral or IV fluid replacement,"Oral Rehydration Solution (ORS) — gold standard, IV Normal Saline or Ringer's Lactate for severe, Pedialyte, Sports drinks (mild)","Coconut water, Diluted fruit juices, Water with a pinch of salt and sugar, Ice pops for children","Drink 8+ glasses water daily, Increase fluids in hot weather, Drink during and after exercise, Avoid excessive alcohol and caffeine",Emergency (severe),"Confusion, Rapid heartbeat, Sunken eyes, No urine output for 8h, Severe dizziness",Excellent with fluid replacement,Hours with treatment
Vitamin D Deficiency,Vitamin D supplementation + sunlight exposure,"Cholecalciferol (Vitamin D3) 1000-4000 IU daily (mild deficiency); 50000 IU weekly for 8-12 weeks (severe deficiency), Calcium supplementation if also deficient","Fatty fish (salmon, tuna), Egg yolks, Fortified milk, Mushrooms, Sunlight 15-20 min daily","Daily sunlight exposure 15-20 min, Regular weight-bearing exercise, Vitamin D-rich diet, Annual vitamin D level check",Endocrinologist (if severe),"Osteomalacia (severe bone pain), Tetany (muscle spasms), Rickets in children",Excellent with supplementation,3-6 months to normalize levels
Iron Deficiency Anemia,Iron supplementation + treat underlying cause,"Ferrous sulfate (325mg 3x daily between meals), Ferrous gluconate (300mg 3x daily), IV iron (if oral not tolerated or severe), Vitamin C (500mg with iron supplements to improve absorption)","Iron-rich foods: red meat, liver, spinach, lentils, fortified cereals, pumpkin seeds; Cook in cast iron pan; Vitamin C with every meal","Iron-rich diet, Vitamin C with iron-containing foods, Avoid tea/coffee near meals, Identify and treat source of blood loss, Recheck CBC after 4-6 weeks",Hematologist,"Chest pain, Shortness of breath at rest, Severe fatigue, Palpitations, Syncope",Excellent — most cases resolve within 3-6 months,3-6 months for iron stores to replenish
Stroke,Emergency thrombolysis or thrombectomy — CALL 911 IMMEDIATELY,"tPA (tissue plasminogen activator — must give within 4.5h of onset — hospital only), Aspirin 300mg, Blood pressure management, Anticoagulants for atrial fibrillation","NONE — this is a medical emergency — call ambulance immediately","Post-stroke rehabilitation: physiotherapy, speech therapy, occupational therapy, Blood pressure control, Antiplatelet therapy, Quit smoking",Neurologist / Stroke Unit,"ANY sudden face drooping, arm weakness, or speech difficulty — CALL 911 NOW",Highly variable — depends on time to treatment; early treatment saves brain,Hospitalization required; rehabilitation months to years
Panic Attacks,CBT + breathing techniques + medication if frequent,"Alprazolam (0.25-0.5mg for acute — short-term only), SSRIs for prevention: Sertraline (50-200mg), Escitalopram (10-20mg), Clonazepam (0.5-2mg — short-term)","4-7-8 breathing technique, Paper bag breathing, Cold water on face (diver's reflex), Mindfulness, Lavender aromatherapy","CBT therapy, Regular exercise, Limit caffeine, Sleep hygiene, Stress management, Avoid alcohol, Mindfulness meditation",Psychiatrist / Psychologist,"First panic attack (rule out cardiac cause), Chest pain with ECG changes",Good — highly treatable with CBT,Weeks to months; CBT prevents recurrence
Celiac Disease,Strict lifelong gluten-free diet — only treatment,"No medications cure celiac; Iron, Folate, Calcium, Vitamin D supplements for deficiencies; Corticosteroids for refractory disease","Naturally gluten-free: rice, corn, quinoa, potatoes, fruits, vegetables, meat, fish; Gluten-free oats; Read all food labels","Strict gluten-free diet (no wheat, barley, rye), Read all food labels, Avoid cross-contamination, Gluten-free kitchen utensils, Educate family",Gastroenterologist,"Severe malnutrition, Intestinal lymphoma (rare long-term complication), Refractory disease",Excellent with strict gluten-free diet — intestine heals completely,Months for intestine to heal; diet is permanent
Lupus,Hydroxychloroquine + NSAIDs + steroids + immunosuppressants,"Hydroxychloroquine (200-400mg daily), Prednisolone (5-60mg daily for flares), Azathioprine (1-3mg/kg daily), Mycophenolate mofetil (1-3g daily), Belimumab (biologic)","Turmeric (anti-inflammatory), Fish oil (omega-3), Aloe vera, Avoid sun exposure, Rest","Sun protection (SPF 50+, protective clothing), Avoid sunlight during flares, Low-sodium diet if on steroids, Regular monitoring, Quit smoking",Rheumatologist,"Lupus nephritis, Serositis (pleuritis, pericarditis), CNS lupus, Thrombocytopenia",Variable — most live normal lives with treatment; organ involvement worsens prognosis,Lifelong — flares and remissions
Hepatitis B,Antiviral therapy for chronic + vaccination prevention,"Tenofovir (300mg daily), Entecavir (0.5mg daily), Pegylated interferon-alpha (for selected patients), Hepatitis B vaccine for prevention (3 doses)","Milk thistle (liver support), Licorice root, Turmeric, High-fluid intake, Avoid alcohol","Avoid alcohol completely, Hepatitis B vaccine, Safe sex practices, Don't share needles, Regular liver function tests, HBV DNA monitoring",Hepatologist / Gastroenterologist,"Acute liver failure (jaundice, confusion, bleeding), Ascites, Encephalopathy",Acute: 95% adults clear virus; Chronic: managed but not cured,Acute: weeks to months; Chronic: lifelong management
PTSD,Trauma-focused psychotherapy (EMDR, CPT) + medication,"SSRIs: Sertraline (50-200mg) — FDA approved, Paroxetine (20-60mg); Prazosin (1-15mg for nightmares); Venlafaxine (75-225mg)","Mindfulness meditation, Exercise, Support groups, Journaling, Art therapy, Nature therapy","Trauma-focused CBT, EMDR therapy, Social support, Regular exercise, Avoid alcohol and drugs, Sleep hygiene, Stress management",Psychiatrist / PTSD specialist,"Active suicidal ideation, Severe dissociation, Inability to function",Good with appropriate therapy — recovery takes time,Months to years; therapy significantly improves outcomes
Fibromyalgia,Multimodal approach: exercise + sleep hygiene + medication,"Duloxetine (60-120mg daily), Pregabalin (150-450mg daily), Amitriptyline (10-75mg nightly for sleep), Tramadol for pain flares, Cyclobenzaprine (5-10mg for muscle spasms)","Epsom salt baths, Gentle massage, Turmeric, Magnesium supplement, Heat therapy, Acupuncture","Low-impact exercise (walking, swimming, yoga), Sleep hygiene, Pacing activities, Stress reduction, CBT for pain management, Gentle stretching",Rheumatologist / Pain Specialist,"Cardiac symptoms, Severe depression, Inability to walk",Manageable — not curable; symptoms wax and wane,Chronic — ongoing management needed
Polycystic Ovary Syndrome,Lifestyle modification + hormonal therapy + Metformin,"Combined oral contraceptive pill (regulate periods), Metformin (500-2000mg daily for insulin resistance), Clomiphene (for ovulation induction for fertility), Spironolactone (for hirsutism/acne), Anti-androgens","Spearmint tea (reduces androgens), Cinnamon, Inositol supplement, Low-GI diet, Exercise","Regular exercise, Low-glycemic-index diet, Weight loss (if overweight), Manage stress, Regular monitoring of glucose and lipids",Gynecologist / Endocrinologist,"Severe abdominal pain, Missed periods with negative pregnancy test, Signs of metabolic syndrome",Manageable — not curable; symptoms improve with lifestyle and treatment,Lifelong management
Hypothyroidism,Levothyroxine replacement therapy,"Levothyroxine (25-200mcg daily — individualized to TSH), Take 30-60 min before breakfast, Avoid calcium/iron supplements within 4h","Brazil nuts (selenium), Iodized salt, Seaweed, Avoid raw cruciferous vegetables in excess","Take medication at same time daily, Regular TSH monitoring every 6-12 months, Adequate iodine and selenium, Regular exercise",Endocrinologist,"Myxedema coma (rare — severe symptoms, altered consciousness — emergency)",Excellent with medication — requires lifelong treatment,Lifelong — TSH normalizes in 4-8 weeks with medication
Chickenpox,Symptomatic relief and antiviral for severe cases,"Acyclovir (800mg 5x daily — for adults/immunocompromised), Cetirizine (10mg once daily for itching), Paracetamol for fever (avoid aspirin in children)","Calamine lotion, Oatmeal baths, Trim nails to prevent scratching, Cool compresses, Bicarbonate of soda in bath","Stay home until all blisters crusted, Avoid contact with pregnant women and immunocompromised, Varicella vaccine for prevention",General Physician / Paediatrician,"Difficulty breathing, Rash spreads to eyes, Confusion, Severe headache, Bacterial skin infection",Excellent — self-limiting in healthy individuals,7-14 days
Measles,Supportive care + Vitamin A supplementation,"Vitamin A (200000 IU for 2 days), Paracetamol for fever, Antibiotics only if bacterial complication develops","Rest, Hydration, Dim lighting for eye comfort, Warm compress for eyes","MMR vaccination is the best prevention, Isolate for 4 days after rash onset, Vitamin A supplementation",Paediatrician / Infectious Disease,"Encephalitis (seizures, confusion), Severe respiratory distress, Severe dehydration",Good in well-nourished; serious in malnourished populations,7-10 days
Mumps,Supportive care only — no specific antiviral,"Ibuprofen (400mg every 6-8h for pain/swelling), Paracetamol (500mg every 4-6h), Warm or cold compress on swollen glands","Cold/warm compress, Soft foods and liquids, Rest, Stay hydrated","MMR vaccine for prevention, Isolate until swelling resolves (9 days), Soft diet",General Physician / Paediatrician,"Testicular pain/swelling (orchitis), Severe headache with stiff neck, Abdominal pain, Hearing loss",Good — most recover fully,10-12 days
Typhoid Fever,Antibiotics + hydration + rest,"Azithromycin (1g once daily for 5 days — uncomplicated), Ceftriaxone (1-2g IV daily — severe), Ciprofloxacin (500mg twice daily for 7-14 days)","ORS for hydration, Boiled water only, Light easily digestible diet, Coconut water","Typhoid vaccine, Safe water and food hygiene, Wash hands thoroughly, Avoid street food in endemic areas",Infectious Disease,"Intestinal perforation (sudden severe abdominal pain), High persistent fever beyond 7 days, Altered consciousness",Good with early treatment; delayed treatment can be fatal,10-14 days with antibiotics
Hepatitis A,Supportive care — self-limiting,"Paracetamol (for fever/discomfort — avoid high doses), Anti-emetics (Ondansetron 4mg for nausea), Vitamin supplements","Rest, High-carbohydrate low-fat diet, Stay hydrated, Avoid alcohol completely, Avoid fatty foods","Hepatitis A vaccine, Safe water and food, Hand hygiene, Avoid raw shellfish",Gastroenterologist / Hepatologist,"Jaundice worsening rapidly, Confusion (hepatic encephalopathy), Severe vomiting, Signs of liver failure",Excellent — complete recovery in most cases,2-6 weeks
Hepatitis B,Antiviral therapy if chronic + supportive care,"Tenofovir (300mg once daily), Entecavir (0.5-1mg once daily) for chronic HBV, Pegylated interferon (for acute severe cases), Lamivudine (alternative)","Rest, Avoid alcohol completely, Balanced nutrition, Milk thistle (traditional liver support)","Hepatitis B vaccine (3-dose series), Safe sex, No needle sharing, Avoid alcohol, Regular monitoring of liver function",Hepatologist / Gastroenterologist,"Signs of liver failure, Jaundice rapidly worsening, Confusion, Vomiting blood",Good if treated early; chronic HBV can lead to cirrhosis/liver cancer,Acute: 1-3 months; Chronic: lifelong management
Liver Cirrhosis,Treat underlying cause + manage complications,"Diuretics: Spironolactone (100mg) + Furosemide (40mg) for ascites, Propranolol (20-80mg) for varices prevention, Lactulose (30-45ml 2-3x daily) for encephalopathy, Rifaximin (550mg) for encephalopathy","Low-sodium diet (2g/day), Avoid alcohol completely, Protein-rich diet, Zinc supplements","Absolute alcohol abstinence, Treat HBV/HCV, Low-sodium diet, Regular ultrasound surveillance, Screen for liver cancer",Hepatologist / Gastroenterologist,"Vomiting blood (variceal bleeding — EMERGENCY), Confusion or coma (encephalopathy), Severe ascites, Jaundice worsening",Depends on stage — decompensated cirrhosis carries high mortality,Chronic — progressive without treatment
Fatty Liver Disease,Lifestyle modification is the cornerstone of treatment,"No specific drug approved for NAFLD; Vitamin E (800 IU daily — non-diabetics), Metformin (if diabetic), Pioglitazone (if insulin resistant)","Weight loss, Avoid alcohol, Mediterranean diet, Avoid fructose and sugary drinks","Lose 7-10% body weight, Regular exercise 150 min/week, Avoid alcohol, Low-sugar diet, Monitor liver enzymes annually",Gastroenterologist / Hepatologist,"Rapid weight gain in abdomen, Jaundice, Signs of cirrhosis, Elevated liver enzymes",Good with lifestyle changes — reversible in early stages,Months to years depending on adherence to lifestyle change
Osteoporosis,Calcium + Vitamin D + bisphosphonates,"Alendronate (70mg weekly), Risedronate (35mg weekly), Denosumab (60mg injection every 6 months), Calcium carbonate (1000-1200mg daily), Vitamin D3 (800-2000 IU daily)","Weight-bearing exercise, Calcium-rich foods (dairy, leafy greens), Sunlight exposure, Avoid excessive alcohol and caffeine","Weight-bearing exercise 30 min/day, Quit smoking, Limit alcohol, Fall prevention at home, DEXA scan every 2 years",Endocrinologist / Rheumatologist,"Hip fracture, Vertebral compression fracture, Sudden severe back pain",Good with treatment — reduces fracture risk by 50%,Lifelong management
Osteoarthritis,Pain management + physiotherapy + weight loss,"Paracetamol (500-1000mg 3-4x daily for mild pain), Ibuprofen (400mg 3x daily for flares), Diclofenac gel (topical), Celecoxib (100-200mg twice daily), Intra-articular corticosteroid injection for severe flares","Ice/heat packs, Gentle exercise, Weight reduction, Physiotherapy, Glucosamine + Chondroitin supplements (evidence limited)","Weight loss (1 kg less = 4 kg less knee force), Low-impact exercise (swimming, cycling), Physiotherapy, Assistive devices",Rheumatologist / Orthopaedic Surgeon,"Inability to bear weight, Severe constant pain, Rapid joint deterioration",Manageable — progressive but joint replacement very effective,Chronic — requires ongoing management; joint replacement if severe
Stroke,Emergency — CALL 911 IMMEDIATELY — clot-busting or clot removal within 4.5 hours,"tPA (Alteplase IV — within 4.5h of onset for ischaemic stroke), Aspirin 300mg (after ruling out haemorrhage), Clopidogrel, Statins, Antihypertensives","NONE — this is a medical emergency — time is brain tissue","FAST recognition: Face drooping, Arm weakness, Speech slurred, Time to call 911, Control blood pressure and diabetes, No smoking",Neurologist / Stroke Unit,"ANY sudden face drooping, Arm weakness, Speech difficulty — THIS IS THE EMERGENCY",Variable — depends on speed of treatment,Hospitalization essential; rehabilitation weeks to months
Parkinson's Disease,Dopamine replacement + physiotherapy,"Levodopa/Carbidopa (standard first-line, dose titrated), Pramipexole (0.125-1.5mg 3x daily — dopamine agonist), Entacapone (COMT inhibitor adjunct), Rasagiline (1mg once daily — MAO-B inhibitor), Trihexyphenidyl (for tremor)","Exercise and physiotherapy (proven benefit), Speech therapy, Occupational therapy, Good sleep hygiene","Regular aerobic exercise, Physiotherapy, Speech therapy, Assistive devices, Fall prevention, Support groups",Neurologist,"Sudden inability to swallow, Falls with injury, Severe confusion, Uncontrolled movements",Progressive — symptoms worsen over years; medication keeps quality of life,Lifelong — progressive but manageable
Alzheimer's Disease,Cholinesterase inhibitors + memantine + supportive care,"Donepezil (5-10mg once daily), Rivastigmine (3-12mg daily or patch), Galantamine (8-24mg daily), Memantine (10-20mg daily — moderate-severe), Antidepressants if depression present","Mental stimulation activities, Reality orientation, Structured routine, Social engagement, Music therapy","Cognitive stimulation, Structured daily routine, Fall prevention, Caregiver support, Legal/financial planning early, Memory aids",Neurologist / Geriatrician,"Sudden severe confusion, Inability to swallow, Falls with injury, Agitation requiring sedation",Progressive — no cure; treatment slows progression,Lifelong — average 8-10 years from diagnosis
Meningitis,Emergency antibiotics + corticosteroids — DO NOT DELAY,"Ceftriaxone (2g IV every 12h — bacterial), Dexamethasone (0.15mg/kg every 6h for 4 days — reduces complications), Acyclovir (10mg/kg every 8h — if viral/HSV suspected), Ampicillin (if Listeria suspected)","NONE — this is a medical emergency requiring hospitalization","Meningococcal vaccine, Pneumococcal vaccine, Hib vaccine, Close contact prophylaxis with Rifampicin",Neurologist / Infectious Disease / ICU,"ANY stiff neck + fever + headache combination — GO TO EMERGENCY IMMEDIATELY, Purple rash (petechiae)",High mortality if untreated — good if treated early,2-4 weeks hospitalization; recovery months
Eczema,Emollients + topical corticosteroids + trigger avoidance,"Hydrocortisone 1% cream (mild), Betamethasone valerate 0.1% (moderate-severe), Tacrolimus ointment (steroid-sparing), Cetirizine (10mg for itch), Dupilumab (injection for severe refractory eczema)","Oatmeal baths, Coconut oil, Fragrance-free moisturiser, Wet wrapping, Avoid scratching","Moisturise 2-3x daily, Identify and avoid triggers (soaps, dust mites, food), Cotton clothing, Short lukewarm showers, Antihistamine for flares",Dermatologist / Allergist,"Weeping infected skin (staph infection), Eczema herpeticum (viral — EMERGENCY), Severe sleep disruption",Chronic — 60% of children improve significantly by adulthood,Chronic with flares and remissions
Sepsis,Emergency IV antibiotics + fluids + organ support — DO NOT DELAY,"Broad-spectrum IV antibiotics within 1 hour (Piperacillin-Tazobactam or Meropenem + Vancomycin), IV fluids (30 mL/kg in first 3h), Vasopressors (Noradrenaline) if hypotensive, Oxygen","NONE — this is a life-threatening emergency requiring ICU care","Early recognition (qSOFA score), Prompt antibiotic use for infections, Infection source control, Vaccination",ICU / Infectious Disease,"ANY: rapid breathing + confusion + low blood pressure — CALL 911, Temperature above 38.5°C or below 36°C with suspected infection",High mortality without treatment; 20-30% even with treatment,ICU stay — days to weeks
Dehydration,Oral rehydration + treat underlying cause,"ORS (Oral Rehydration Salts — WHO formula), IV fluids (Normal Saline or Ringer's Lactate for severe), Ondansetron (4mg for nausea/vomiting), Zinc (20mg daily in children with diarrhea)","ORS at home: 1 litre water + 6 tsp sugar + 0.5 tsp salt, Coconut water, Clear broths, Avoid caffeine","Drink 8+ glasses water daily, Increase intake during exercise/heat/illness, Avoid excessive alcohol, Monitor urine colour",General Physician / Emergency Medicine,"Confusion, No urine output for 8+ hours, Rapid heartbeat, Sunken eyes, Fainting",Excellent with prompt rehydration,Hours with proper treatment
Sleep Apnea,CPAP therapy + weight loss + positional therapy,"CPAP machine (first-line — maintains airway pressure during sleep), Mandibular advancement device (mild-moderate), Modafinil (200mg for residual daytime sleepiness), Treat underlying hypothyroidism","Weight loss (10% weight loss reduces AHI by 26%), Sleep on side, Elevate head of bed, Avoid alcohol before bed","Weight loss, Avoid alcohol and sedatives, Positional therapy, Quit smoking, Regular CPAP use",Sleep Specialist / Pulmonologist / ENT,"SpO2 consistently below 90% during sleep, Severe daytime sleepiness causing accidents, Associated arrhythmias",Good with CPAP compliance — untreated increases cardiac risk,Lifelong management
Chronic Fatigue Syndrome,Graded exercise therapy + cognitive behavioural therapy + symptom management,"Low-dose Amitriptyline (10-50mg nightly — for sleep/pain), Melatonin (0.5-5mg — sleep), Low-dose Naltrexone (investigational), NSAIDs for pain, Vitamin B12 injections if deficient","Pacing activities, Sleep hygiene, Gentle yoga, Omega-3 rich diet, Magnesium supplementation","Pacing (avoid boom-bust activity cycles), Graded exercise therapy (carefully titrated), CBT, Good sleep hygiene",Rheumatologist / Neurologist / General Physician,"Cardiac symptoms, Unexplained weight loss, New neurological symptoms",Variable — 50% improve; 10% recover fully,Months to years
Fibromyalgia,Multimodal — exercise + CBT + medication,"Pregabalin (75-300mg twice daily — FDA approved), Duloxetine (30-60mg once daily), Amitriptyline (10-50mg nightly for sleep), Tramadol (50-100mg for breakthrough pain), Cyclobenzaprine (5-10mg for muscle spasm)","Warm baths, Gentle massage, Low-impact exercise, Tai chi, Yoga, Mindfulness","Aerobic exercise 30 min 3x weekly (most evidence), CBT for pain catastrophizing, Sleep hygiene, Stress management",Rheumatologist / Pain Specialist,"Sudden severe joint swelling (rule out inflammatory arthritis), New neurological symptoms",Chronic — management reduces severity; no cure,Lifelong — symptoms fluctuate
Heat Stroke,Emergency cooling — CALL 911 IMMEDIATELY,"Aggressive cooling: ice water immersion or cold packs to neck/armpits/groin (prehospital), IV fluids, Benzodiazepines for shivering/seizures, Treat in ICU","NONE — move to cool area immediately, Remove clothing, Cold water sponging while awaiting ambulance","Avoid strenuous activity in extreme heat, Wear light clothing, Stay hydrated, Acclimatize gradually, Never leave children in cars",Emergency Medicine / ICU,"Core temperature above 40°C with neurological symptoms — THIS IS THE EMERGENCY",High mortality if untreated; good neurological outcome if cooled rapidly,ICU stay required; recovery days to weeks
Hypothermia,Gradual rewarming — CALL 911 IF SEVERE,"Passive rewarming (mild) — warm blankets, warm environment; Active rewarming (severe) — warm IV fluids, warm humidified oxygen, Warm irrigation of body cavities; Cardiac monitoring; Vasopressors if needed","Remove wet clothing, Insulate with dry blankets, Warm sweet drinks if conscious, Avoid alcohol","Dress in layers in cold weather, Stay dry, Avoid alcohol in cold, Check on elderly neighbours in winter, Buddy system in outdoor activities",Emergency Medicine / ICU,"Core temperature below 32°C, Cardiac arrest (do not declare death until warm and dead), Loss of consciousness",Good if rewarmed promptly — 'Not dead until warm and dead',Hours to days depending on severity
Leukemia,Chemotherapy + bone marrow transplant,"Induction chemotherapy (protocol depends on type: ALL vs AML vs CLL vs CML), Imatinib (400mg daily — CML first-line), Rituximab (for B-cell leukemias), Stem cell transplant for eligible patients, Supportive care: blood transfusions, G-CSF","Nutritious high-protein diet, Infection prevention, Rest, Emotional support","Infection prevention (avoid crowds, wash hands), Vaccination updates, Dental care before chemotherapy, Psychological support",Haematologist / Oncologist,"Fever above 38°C in immunocompromised (neutropenic fever — EMERGENCY), Severe bleeding, Difficulty breathing",Variable — ALL in children 90% cure rate; AML varies; CML excellent with imatinib,Months to years depending on type and response
Breast Cancer,Surgery + radiation + chemotherapy + hormone therapy,"Tamoxifen (20mg daily — hormone receptor positive, premenopausal), Anastrozole/Letrozole (postmenopausal ER+), Trastuzumab (Herceptin — HER2+), Chemotherapy (AC-T or TC regimen), Surgery (lumpectomy or mastectomy)","Healthy diet rich in antioxidants, Exercise (reduces recurrence), Emotional support, Mindfulness","Monthly breast self-exam, Annual mammogram from age 40, Healthy weight, Limit alcohol, Genetic testing if family history (BRCA)",Oncologist / Breast Surgeon,"Sudden neurological symptoms (brain metastasis), Bone pain, Difficulty breathing",Stage-dependent — Stage I: >95% 5-year survival; Stage IV: 28%,Months to years depending on stage
Polycystic Ovary Syndrome,Combined oral contraceptive pill + metformin + lifestyle,"Combined OCP (Ethinylestradiol + Levonorgestrel) for menstrual regulation, Metformin (500-2000mg daily) for insulin resistance, Clomiphene (50-150mg) for ovulation induction, Spironolactone (25-100mg) for hirsutism","Low-glycemic diet, Exercise 30 min/day, Weight loss (5-10% improves ovulation), Spearmint tea (reduces androgens — limited evidence)","Weight loss (most impactful treatment), Regular exercise, Low-GI diet, Regular monitoring of glucose and lipids",Gynaecologist / Endocrinologist,"Severe pelvic pain, Signs of ovarian torsion, Pregnancy complications",Good — manageable; fertility treatment effective,Lifelong condition — symptoms improve with weight loss and treatment
Bronchitis,Bronchodilators + cough suppressants + rest,"Dextromethorphan cough syrup (15mg every 4-6h), Salbutamol inhaler (if wheezing), Amoxicillin (500mg 3x daily only if bacterial — green sputum + fever), Paracetamol (500mg for fever)","Steam inhalation, Honey and ginger tea, Warm salt water gargle, Turmeric in warm milk, Stay hydrated","Quit smoking, Avoid air pollutants, Steam inhalation twice daily, Rest",General Physician / Pulmonologist,"Coughing blood, High fever above 39°C, Severe breathing difficulty, Symptoms lasting more than 3 weeks",Good — most resolve without antibiotics,Acute: 1-3 weeks; Chronic: ongoing management
Strep Throat,Antibiotics (mandatory to prevent rheumatic fever) + pain relief,"Amoxicillin (500mg 3x daily for 10 days — first-line), Azithromycin (500mg daily for 5 days — penicillin allergic), Paracetamol or Ibuprofen for pain and fever","Salt water gargle, Honey and lemon, Cold ice cream or cold liquids, Throat lozenges, Rest","Complete the full antibiotic course, Rest, Stay hydrated, Avoid sharing utensils",ENT Specialist / General Physician,"Difficulty breathing or swallowing, Drooling (epiglottitis), Rash (scarlet fever), Symptoms not improving after 48h antibiotics",Excellent with antibiotics,7-10 days
Tonsillitis,Antibiotics if bacterial + supportive care,"Amoxicillin (500mg 3x daily for 10 days), Ibuprofen (400mg for pain and fever), Benzydamine gargle (throat spray for pain)","Cold fluids and ice cream, Salt water gargle, Honey and lemon tea, Rest, Throat lozenges","Adequate hydration, Rest, Complete antibiotic course, Tonsillectomy considered if recurrent (5+ episodes/year)",ENT Specialist,"Difficulty breathing or swallowing, Neck stiffness, Drooling, Peritonsillar abscess (very severe pain one side)",Excellent with treatment; surgery if recurrent,7-10 days
Constipation,Lifestyle modification + laxatives if needed,"Bisacodyl (5-10mg at bedtime — stimulant laxative), Lactulose (15-30ml twice daily — osmotic), Psyllium husk (Isabgol — 1 tsp in water daily), Docusate (stool softener)","High-fibre diet (fruits, vegetables, bran), Prune juice, Warm water with lemon in morning, Castor oil (traditional), Increased water intake","High-fibre diet (25-30g/day), 8+ glasses water daily, Regular exercise, Don't ignore urge to defecate",Gastroenterologist (if chronic),"Blood in stool, Unexplained weight loss, Constipation alternating with diarrhoea, Severe abdominal pain",Good with lifestyle changes,Days with laxatives; lifestyle changes prevent recurrence
Diarrhea,Oral rehydration + treat underlying cause,"ORS (Oral Rehydration Salts — standard WHO formula), Loperamide (2mg after each loose stool — max 8mg/day, NOT for bloody diarrhoea), Zinc (20mg/day in children), Metronidazole (400mg 3x daily if parasitic)","ORS: 1L water + 6 tsp sugar + 0.5 tsp salt, Coconut water, BRAT diet (Banana Rice Applesauce Toast), Ginger tea, Yogurt with probiotics","Avoid solid food for a few hours, Reintroduce bland foods gradually, Hand hygiene, Safe water and food",General Physician / Gastroenterologist (if persistent),"Blood in stool, High fever, Signs of severe dehydration, Duration more than 3 days in adults or 1 day in infants",Excellent — most self-limiting,12-72 hours; persistent cases need investigation
Vertigo,Treat underlying cause + vestibular rehabilitation,"Betahistine (8-16mg 3x daily — for Meniere's), Prochlorperazine (5-10mg for acute nausea/dizziness), Cinnarizine (25mg 3x daily), Epley manoeuvre (for BPPV — most effective non-drug treatment)","Epley manoeuvre (specific head movements for BPPV), Sit or lie down when dizzy, Avoid sudden head movements, Ginger for nausea, Adequate hydration","Avoid triggers, Fall prevention, Vestibular rehabilitation exercises, Limit caffeine and salt (Meniere's), Regular sleep",ENT / Neurologist,"Sudden severe dizziness with headache, Double vision, Difficulty walking or speaking, Hearing loss",Good for BPPV with manoeuvres; Meniere's is chronic,BPPV: days with manoeuvre; Meniere's: lifelong management
Hemorrhoids,Dietary changes + topical treatment + procedures,"Hydrocortisone 1% anorectal cream (topical — reduces inflammation), Nifedipine gel (topical for pain), Docusate or Lactulose (stool softeners), Daflon (Micronized purified flavonoid fraction — oral vascular tone)","High-fibre diet, Sitz baths (warm water 15 min 3x daily), Cold compress, Witch hazel application, Psyllium husk for stool softening","High-fibre diet, 8+ glasses water daily, Avoid straining, Don't sit on toilet too long, Regular exercise",Colorectal Surgeon (if severe),"Severe bleeding, Prolapsed haemorrhoid that won't reduce, Severe pain, Signs of infection",Good — 80% improve with conservative treatment; banding/surgery for severe,Weeks with treatment; lifestyle changes prevent recurrence
